,video,audio_clip,mean,std
0,1,video1_sec0.0-3.0.wav,-1.0,1.0
1,1,video1_sec1.5-4.5.wav,-1.0,1.0
2,1,video1_sec3.0-6.0.wav,-1.0,1.0
3,1,video1_sec4.5-7.5.wav,-1.0,1.0
4,1,video1_sec6.0-9.0.wav,-1.0,1.0
5,1,video1_sec7.5-10.5.wav,-1.0,1.0
6,1,video1_sec9.0-12.0.wav,-0.5,0.5
7,1,video1_sec10.5-13.5.wav,-0.5,0.5
8,1,video1_sec12.0-15.0.wav,-0.5,0.5
9,1,video1_sec13.5-16.5.wav,-0.5,0.5
10,1,video1_sec15.0-18.0.wav,-0.5,0.5
11,1,video1_sec16.5-19.5.wav,0.16666666666666666,0.5
12,1,video1_sec18.0-21.0.wav,0.5,0.5
13,1,video1_sec19.5-22.5.wav,0.5,0.5
14,1,video1_sec21.0-24.0.wav,1.1666666666666667,1.1666666666666667
15,1,video1_sec22.5-25.5.wav,1.1666666666666667,1.1666666666666667
16,1,video1_sec24.0-27.0.wav,1.1666666666666667,1.1666666666666667
17,1,video1_sec25.5-28.5.wav,1.5,1.5
18,1,video1_sec27.0-30.0.wav,0.5,0.5
19,1,video1_sec28.5-31.5.wav,0.5,0.5
20,1,video1_sec30.0-33.0.wav,-1.0,1.0
21,1,video1_sec31.5-34.5.wav,-1.0,1.0
22,1,video1_sec33.0-36.0.wav,-1.0,1.0
23,1,video1_sec34.5-37.5.wav,-1.3333333333333333,0.6666666666666666
24,1,video1_sec36.0-39.0.wav,-1.0,1.0
25,1,video1_sec37.5-40.5.wav,-1.0,1.0
26,1,video1_sec39.0-42.0.wav,-0.8333333333333334,0.8333333333333334
27,1,video1_sec40.5-43.5.wav,-1.1666666666666667,1.1666666666666667
28,1,video1_sec42.0-45.0.wav,-1.5,1.5
29,1,video1_sec43.5-46.5.wav,-1.5,1.5
30,1,video1_sec45.0-48.0.wav,-1.5,1.5
31,1,video1_sec46.5-49.5.wav,-1.5,1.5
32,1,video1_sec48.0-51.0.wav,-1.5,1.5
33,1,video1_sec49.5-52.5.wav,-1.5,1.5
34,1,video1_sec51.0-54.0.wav,-1.5,1.5
35,1,video1_sec52.5-55.5.wav,-1.5,1.5
36,1,video1_sec54.0-57.0.wav,-1.5,1.5
37,1,video1_sec55.5-58.5.wav,-1.5,1.5
38,1,video1_sec57.0-60.0.wav,-1.5,1.5
39,1,video1_sec58.5-61.5.wav,-1.5,1.5
40,1,video1_sec60.0-63.0.wav,-1.5,1.5
41,1,video1_sec61.5-64.5.wav,-1.5,1.5
42,1,video1_sec63.0-66.0.wav,-1.0,1.0
43,1,video1_sec64.5-67.5.wav,-1.0,1.0
44,1,video1_sec66.0-69.0.wav,-1.0,1.0
45,1,video1_sec67.5-70.5.wav,-1.0,1.0
46,1,video1_sec69.0-72.0.wav,-1.0,1.0
47,1,video1_sec70.5-73.5.wav,-1.0,1.0
48,1,video1_sec72.0-75.0.wav,-1.0,1.0
49,1,video1_sec73.5-76.5.wav,-1.0,1.0
50,1,video1_sec75.0-78.0.wav,-1.5,1.5
51,1,video1_sec76.5-79.5.wav,-1.5,1.5
52,1,video1_sec78.0-81.0.wav,-1.5,1.5
53,1,video1_sec79.5-82.5.wav,-1.5,1.5
54,1,video1_sec81.0-84.0.wav,-1.5,1.5
55,1,video1_sec82.5-85.5.wav,-1.5,1.5
56,1,video1_sec84.0-87.0.wav,-1.5,1.5
57,1,video1_sec85.5-88.5.wav,-1.5,1.5
58,1,video1_sec87.0-90.0.wav,-1.5,1.5
59,1,video1_sec88.5-91.5.wav,-1.5,1.5
60,1,video1_sec90.0-93.0.wav,-1.5,1.5
61,1,video1_sec91.5-94.5.wav,-1.5,1.5
62,1,video1_sec93.0-96.0.wav,-2.0,1.0
63,1,video1_sec94.5-97.5.wav,-2.3333333333333335,1.3333333333333333
64,1,video1_sec96.0-99.0.wav,-2.5,1.5
65,1,video1_sec97.5-100.5.wav,-2.5,1.5
66,1,video1_sec99.0-102.0.wav,-2.5,1.5
67,1,video1_sec100.5-103.5.wav,-2.5,1.5
68,1,video1_sec102.0-105.0.wav,-2.5,1.5
69,1,video1_sec103.5-106.5.wav,-2.5,1.5
70,1,video1_sec105.0-108.0.wav,-2.0,1.0
71,1,video1_sec106.5-109.5.wav,-2.0,1.0
72,1,video1_sec108.0-111.0.wav,-2.0,1.0
73,1,video1_sec109.5-112.5.wav,-2.0,1.0
74,1,video1_sec111.0-114.0.wav,-1.5,0.8333333333333334
75,1,video1_sec112.5-115.5.wav,0.16666666666666666,0.5
76,1,video1_sec114.0-117.0.wav,0.5,0.5
77,1,video1_sec115.5-118.5.wav,0.5,0.5
78,1,video1_sec117.0-120.0.wav,0.16666666666666666,0.5
79,1,video1_sec118.5-121.5.wav,-0.8333333333333334,0.8333333333333334
80,1,video1_sec120.0-123.0.wav,-0.5,0.5
81,1,video1_sec121.5-124.5.wav,-0.5,0.5
82,1,video1_sec123.0-126.0.wav,-0.16666666666666666,0.5
83,1,video1_sec124.5-127.5.wav,0.5,0.5
84,1,video1_sec126.0-129.0.wav,0.5,0.5
85,1,video1_sec127.5-130.5.wav,0.5,0.5
86,1,video1_sec129.0-132.0.wav,0.5,0.5
87,1,video1_sec130.5-133.5.wav,0.5,0.5
88,1,video1_sec132.0-135.0.wav,-0.5,2.5
89,1,video1_sec133.5-136.5.wav,-0.5,2.5
90,1,video1_sec135.0-138.0.wav,0.0,2.0
91,1,video1_sec136.5-139.5.wav,0.0,2.0
92,1,video1_sec138.0-141.0.wav,0.0,2.0
93,1,video1_sec139.5-142.5.wav,0.0,2.0
94,1,video1_sec141.0-144.0.wav,-0.16666666666666666,2.1666666666666665
95,1,video1_sec142.5-145.5.wav,-0.5,2.5
96,1,video1_sec144.0-147.0.wav,-0.5,2.5
97,1,video1_sec145.5-148.5.wav,-0.8333333333333334,2.8333333333333335
98,1,video1_sec147.0-150.0.wav,-1.0,3.0
99,1,video1_sec148.5-151.5.wav,-1.0,3.0
100,1,video1_sec150.0-153.0.wav,-1.0,3.0
101,1,video1_sec151.5-154.5.wav,-1.0,3.0
102,1,video1_sec153.0-156.0.wav,-1.0,3.0
103,1,video1_sec154.5-157.5.wav,-0.6666666666666666,2.6666666666666665
104,1,video1_sec156.0-159.0.wav,-0.5,2.5
105,1,video1_sec157.5-160.5.wav,-0.5,2.5
106,1,video1_sec159.0-162.0.wav,-0.5,2.5
107,1,video1_sec160.5-163.5.wav,0.16666666666666666,1.8333333333333333
108,1,video1_sec162.0-165.0.wav,0.5,1.5
109,1,video1_sec163.5-166.5.wav,0.5,1.5
110,1,video1_sec165.0-168.0.wav,0.5,1.5
111,1,video1_sec166.5-169.5.wav,0.5,1.5
112,1,video1_sec168.0-171.0.wav,0.3333333333333333,1.6666666666666667
113,1,video1_sec169.5-172.5.wav,0.0,2.0
114,1,video1_sec171.0-174.0.wav,-0.6666666666666666,2.6666666666666665
115,1,video1_sec172.5-175.5.wav,-1.0,3.0
116,1,video1_sec174.0-177.0.wav,-1.0,3.0
117,1,video1_sec175.5-178.5.wav,-1.0,3.0
118,1,video1_sec177.0-180.0.wav,-1.5,3.5
119,1,video1_sec178.5-181.5.wav,-1.5,3.5
120,1,video1_sec180.0-183.0.wav,-1.5,3.5
121,1,video1_sec181.5-184.5.wav,-1.1666666666666667,3.1666666666666665
122,1,video1_sec183.0-186.0.wav,-1.5,3.5
123,1,video1_sec184.5-187.5.wav,-1.5,3.5
124,1,video1_sec186.0-189.0.wav,-1.5,3.5
125,1,video1_sec187.5-190.5.wav,-1.1666666666666667,3.1666666666666665
126,1,video1_sec189.0-192.0.wav,-1.0,3.0
127,1,video1_sec190.5-193.5.wav,-1.0,3.0
128,1,video1_sec192.0-195.0.wav,-1.0,3.0
129,1,video1_sec193.5-196.5.wav,-1.0,3.0
130,1,video1_sec195.0-198.0.wav,-1.0,3.0
131,1,video1_sec196.5-199.5.wav,-1.0,3.0
132,1,video1_sec198.0-201.0.wav,-1.5,3.5
133,1,video1_sec199.5-202.5.wav,-1.5,3.5
134,1,video1_sec201.0-204.0.wav,-1.5,3.5
135,1,video1_sec202.5-205.5.wav,-1.5,3.5
136,1,video1_sec204.0-207.0.wav,-1.5,3.5
137,1,video1_sec205.5-208.5.wav,-1.5,3.5
138,1,video1_sec207.0-210.0.wav,-1.5,3.5
139,1,video1_sec208.5-211.5.wav,-1.5,3.5
140,1,video1_sec210.0-213.0.wav,-1.5,3.5
141,1,video1_sec211.5-214.5.wav,-1.5,3.5
142,1,video1_sec213.0-216.0.wav,-1.5,3.5
143,1,video1_sec214.5-217.5.wav,-1.1666666666666667,3.1666666666666665
144,1,video1_sec216.0-219.0.wav,-1.0,3.0
145,1,video1_sec217.5-220.5.wav,-1.0,3.0
146,1,video1_sec219.0-222.0.wav,-1.0,3.0
147,1,video1_sec220.5-223.5.wav,-1.0,3.0
148,1,video1_sec222.0-225.0.wav,-0.5,2.5
149,1,video1_sec223.5-226.5.wav,-0.5,2.5
150,1,video1_sec225.0-228.0.wav,-0.3333333333333333,2.3333333333333335
151,1,video1_sec226.5-229.5.wav,0.0,2.0
152,1,video1_sec228.0-231.0.wav,0.0,2.0
153,1,video1_sec229.5-232.5.wav,0.0,2.0
154,1,video1_sec231.0-234.0.wav,0.0,2.0
155,1,video1_sec232.5-235.5.wav,0.0,2.0
156,1,video1_sec234.0-237.0.wav,-0.16666666666666666,2.1666666666666665
157,1,video1_sec235.5-238.5.wav,-0.5,2.5
158,1,video1_sec237.0-240.0.wav,-0.5,2.5
159,1,video1_sec238.5-241.5.wav,-0.8333333333333334,2.8333333333333335
160,1,video1_sec240.0-243.0.wav,-1.0,3.0
161,1,video1_sec241.5-244.5.wav,-1.0,3.0
162,1,video1_sec243.0-246.0.wav,-1.0,3.0
163,1,video1_sec244.5-247.5.wav,-1.0,3.0
164,1,video1_sec246.0-249.0.wav,-1.0,3.0
165,1,video1_sec247.5-250.5.wav,-1.0,3.0
166,1,video1_sec249.0-252.0.wav,-0.5,2.5
167,1,video1_sec250.5-253.5.wav,-0.8333333333333334,2.8333333333333335
168,1,video1_sec252.0-255.0.wav,-1.0,3.0
169,1,video1_sec253.5-256.5.wav,-1.0,3.0
170,1,video1_sec255.0-258.0.wav,-1.0,3.0
171,1,video1_sec256.5-259.5.wav,-1.0,3.0
172,1,video1_sec258.0-261.0.wav,-1.0,3.0
173,1,video1_sec259.5-262.5.wav,-0.6666666666666666,2.6666666666666665
174,1,video1_sec261.0-264.0.wav,-1.0,2.0
175,1,video1_sec262.5-265.5.wav,-1.0,2.0
176,1,video1_sec264.0-267.0.wav,-1.1666666666666667,1.8333333333333333
177,1,video1_sec265.5-268.5.wav,-1.5,1.5
178,1,video1_sec267.0-270.0.wav,-1.5,1.5
179,1,video1_sec268.5-271.5.wav,-1.5,1.5
180,1,video1_sec270.0-273.0.wav,-1.5,1.5
181,1,video1_sec271.5-274.5.wav,-1.5,1.5
182,1,video1_sec273.0-276.0.wav,-1.5,1.5
183,1,video1_sec274.5-277.5.wav,-1.5,1.5
184,1,video1_sec276.0-279.0.wav,-1.5,1.5
185,1,video1_sec277.5-280.5.wav,-1.5,1.5
186,1,video1_sec279.0-282.0.wav,-1.5,1.5
187,1,video1_sec280.5-283.5.wav,-1.8333333333333333,1.8333333333333333
188,1,video1_sec282.0-285.0.wav,-1.0,1.0
189,1,video1_sec283.5-286.5.wav,-1.0,1.0
190,1,video1_sec285.0-288.0.wav,-1.0,1.0
191,1,video1_sec286.5-289.5.wav,-1.0,1.0
192,1,video1_sec288.0-291.0.wav,-1.0,1.0
193,1,video1_sec289.5-292.5.wav,-1.0,1.0
194,1,video1_sec291.0-294.0.wav,-0.6666666666666666,0.6666666666666666
195,1,video1_sec292.5-295.5.wav,0.0,0.0
0,2,video2_sec0.0-3.0.wav,0.6666666666666666,0.9428090415820632
1,2,video2_sec1.5-4.5.wav,0.6666666666666666,0.9428090415820632
2,2,video2_sec3.0-6.0.wav,0.8888888888888888,1.2570787221094177
3,2,video2_sec4.5-7.5.wav,1.3333333333333333,1.8856180831641265
4,2,video2_sec6.0-9.0.wav,1.3333333333333333,1.8856180831641265
5,2,video2_sec7.5-10.5.wav,1.111111111111111,1.5713484026367723
6,2,video2_sec9.0-12.0.wav,1.4444444444444444,1.247219128924647
7,2,video2_sec10.5-13.5.wav,1.6666666666666667,1.247219128924647
8,2,video2_sec12.0-15.0.wav,1.3333333333333333,1.247219128924647
9,2,video2_sec13.5-16.5.wav,1.5555555555555556,1.247219128924647
10,2,video2_sec15.0-18.0.wav,2.111111111111111,1.77359699712241
11,2,video2_sec16.5-19.5.wav,2.3333333333333335,2.0548046676563256
12,2,video2_sec18.0-21.0.wav,2.3333333333333335,2.0548046676563256
13,2,video2_sec19.5-22.5.wav,2.3333333333333335,2.0548046676563256
14,2,video2_sec21.0-24.0.wav,2.2222222222222223,1.914200832389368
15,2,video2_sec22.5-25.5.wav,2.0,1.6329931618554518
16,2,video2_sec24.0-27.0.wav,2.111111111111111,1.6552198316361662
17,2,video2_sec25.5-28.5.wav,2.111111111111111,1.6552198316361662
18,2,video2_sec27.0-30.0.wav,1.888888888888889,1.6552198316361662
19,2,video2_sec28.5-31.5.wav,1.6666666666666667,1.6996731711975948
20,2,video2_sec30.0-33.0.wav,2.3333333333333335,1.6996731711975948
21,2,video2_sec31.5-34.5.wav,2.3333333333333335,1.6996731711975948
22,2,video2_sec33.0-36.0.wav,2.3333333333333335,1.6996731711975948
23,2,video2_sec34.5-37.5.wav,2.3333333333333335,1.6996731711975948
24,2,video2_sec36.0-39.0.wav,2.4444444444444446,1.8180503366838385
25,2,video2_sec37.5-40.5.wav,2.6666666666666665,2.0548046676563256
26,2,video2_sec39.0-42.0.wav,2.0,1.6329931618554518
27,2,video2_sec40.5-43.5.wav,2.0,1.6329931618554518
28,2,video2_sec42.0-45.0.wav,2.0,1.6329931618554518
29,2,video2_sec43.5-46.5.wav,2.0,1.6329931618554518
30,2,video2_sec45.0-48.0.wav,2.0,1.6329931618554518
31,2,video2_sec46.5-49.5.wav,2.0,1.6329931618554518
32,2,video2_sec48.0-51.0.wav,2.0,1.6329931618554518
33,2,video2_sec49.5-52.5.wav,2.0,1.6329931618554518
34,2,video2_sec51.0-54.0.wav,2.0,1.6329931618554518
35,2,video2_sec52.5-55.5.wav,2.0,1.6329931618554518
36,2,video2_sec54.0-57.0.wav,2.0,1.6329931618554518
37,2,video2_sec55.5-58.5.wav,1.777777777777778,1.3758104732349155
38,2,video2_sec57.0-60.0.wav,1.6666666666666667,1.247219128924647
39,2,video2_sec58.5-61.5.wav,1.6666666666666667,1.247219128924647
40,2,video2_sec60.0-63.0.wav,1.6666666666666667,1.247219128924647
41,2,video2_sec61.5-64.5.wav,1.6666666666666667,1.247219128924647
42,2,video2_sec63.0-66.0.wav,1.6666666666666667,1.247219128924647
43,2,video2_sec64.5-67.5.wav,1.6666666666666667,1.247219128924647
44,2,video2_sec66.0-69.0.wav,1.6666666666666667,1.247219128924647
45,2,video2_sec67.5-70.5.wav,1.6666666666666667,1.247219128924647
46,2,video2_sec69.0-72.0.wav,1.6666666666666667,1.247219128924647
47,2,video2_sec70.5-73.5.wav,1.6666666666666667,1.247219128924647
48,2,video2_sec72.0-75.0.wav,1.6666666666666667,1.247219128924647
49,2,video2_sec73.5-76.5.wav,1.6666666666666667,1.247219128924647
50,2,video2_sec75.0-78.0.wav,2.111111111111111,1.77359699712241
51,2,video2_sec76.5-79.5.wav,2.5555555555555554,2.0548046676563256
52,2,video2_sec78.0-81.0.wav,2.2222222222222223,1.6774465014168805
53,2,video2_sec79.5-82.5.wav,2.0,1.6329931618554518
54,2,video2_sec81.0-84.0.wav,2.0,1.6329931618554518
55,2,video2_sec82.5-85.5.wav,2.0,1.6329931618554518
56,2,video2_sec84.0-87.0.wav,2.0,1.6329931618554518
57,2,video2_sec85.5-88.5.wav,2.0,1.6329931618554518
58,2,video2_sec87.0-90.0.wav,1.888888888888889,1.5044018175451839
59,2,video2_sec88.5-91.5.wav,1.888888888888889,1.5044018175451839
60,2,video2_sec90.0-93.0.wav,2.0,1.6329931618554518
61,2,video2_sec91.5-94.5.wav,2.0,1.6329931618554518
62,2,video2_sec93.0-96.0.wav,2.0,1.6329931618554518
63,2,video2_sec94.5-97.5.wav,2.2222222222222228,1.914200832389368
64,2,video2_sec96.0-99.0.wav,2.3333333333333335,2.0548046676563256
65,2,video2_sec97.5-100.5.wav,2.3333333333333335,2.0548046676563256
66,2,video2_sec99.0-102.0.wav,2.0,1.6329931618554518
67,2,video2_sec100.5-103.5.wav,2.0,1.6329931618554518
68,2,video2_sec102.0-105.0.wav,2.111111111111111,1.6552198316361662
69,2,video2_sec103.5-106.5.wav,2.3333333333333335,1.6996731711975948
70,2,video2_sec105.0-108.0.wav,2.6666666666666665,1.8856180831641265
71,2,video2_sec106.5-109.5.wav,2.6666666666666665,1.8856180831641265
72,2,video2_sec108.0-111.0.wav,2.6666666666666665,1.8856180831641265
73,2,video2_sec109.5-112.5.wav,2.888888888888889,2.0687039607009
74,2,video2_sec111.0-114.0.wav,2.777777777777778,2.1250994888649664
75,2,video2_sec112.5-115.5.wav,2.3333333333333335,2.0548046676563256
76,2,video2_sec114.0-117.0.wav,2.3333333333333335,2.0548046676563256
77,2,video2_sec115.5-118.5.wav,2.3333333333333335,2.0548046676563256
78,2,video2_sec117.0-120.0.wav,2.3333333333333335,2.0548046676563256
79,2,video2_sec118.5-121.5.wav,2.3333333333333335,2.0548046676563256
80,2,video2_sec120.0-123.0.wav,2.3333333333333335,2.0548046676563256
81,2,video2_sec121.5-124.5.wav,2.3333333333333335,2.0548046676563256
82,2,video2_sec123.0-126.0.wav,2.2222222222222223,1.914200832389368
83,2,video2_sec124.5-127.5.wav,2.0,1.6329931618554518
84,2,video2_sec126.0-129.0.wav,2.3333333333333335,2.0548046676563256
85,2,video2_sec127.5-130.5.wav,2.3333333333333335,2.0548046676563256
86,2,video2_sec129.0-132.0.wav,2.4444444444444446,1.9364275021700823
87,2,video2_sec130.5-133.5.wav,2.888888888888889,1.509366765314595
88,2,video2_sec132.0-135.0.wav,3.0,1.4142135623730951
89,2,video2_sec133.5-136.5.wav,2.7777777777777772,1.6045199682560949
90,2,video2_sec135.0-138.0.wav,3.0,1.4142135623730951
91,2,video2_sec136.5-139.5.wav,3.0,1.4142135623730951
92,2,video2_sec138.0-141.0.wav,3.0,1.4142135623730951
93,2,video2_sec139.5-142.5.wav,3.0,1.4142135623730951
94,2,video2_sec141.0-144.0.wav,3.0,1.4142135623730951
95,2,video2_sec142.5-145.5.wav,3.0,1.4142135623730951
96,2,video2_sec144.0-147.0.wav,3.0,1.4142135623730951
97,2,video2_sec145.5-148.5.wav,2.7777777777777772,1.0999438818457408
98,2,video2_sec147.0-150.0.wav,2.6666666666666665,0.9428090415820632
99,2,video2_sec148.5-151.5.wav,2.6666666666666665,0.9428090415820632
100,2,video2_sec150.0-153.0.wav,2.6666666666666665,0.9428090415820632
101,2,video2_sec151.5-154.5.wav,2.6666666666666665,0.9428090415820632
102,2,video2_sec153.0-156.0.wav,2.6666666666666665,1.6996731711975948
103,2,video2_sec154.5-157.5.wav,2.6666666666666665,1.6996731711975948
104,2,video2_sec156.0-159.0.wav,3.3333333333333335,1.247219128924647
105,2,video2_sec157.5-160.5.wav,3.3333333333333335,1.247219128924647
106,2,video2_sec159.0-162.0.wav,3.3333333333333335,1.247219128924647
107,2,video2_sec160.5-163.5.wav,3.111111111111111,1.5044018175451839
108,2,video2_sec162.0-165.0.wav,3.0,1.6329931618554518
109,2,video2_sec163.5-166.5.wav,3.0,1.6329931618554518
110,2,video2_sec165.0-168.0.wav,3.0,1.6329931618554518
111,2,video2_sec166.5-169.5.wav,3.0,1.6329931618554518
112,2,video2_sec168.0-171.0.wav,2.6666666666666665,2.0548046676563256
113,2,video2_sec169.5-172.5.wav,2.6666666666666665,2.0548046676563256
114,2,video2_sec171.0-174.0.wav,2.5555555555555554,1.9364275021700823
115,2,video2_sec172.5-175.5.wav,2.3333333333333335,1.6996731711975948
116,2,video2_sec174.0-177.0.wav,2.0,2.160246899469287
117,2,video2_sec175.5-178.5.wav,2.0,2.160246899469287
118,2,video2_sec177.0-180.0.wav,2.4444444444444446,1.8180503366838385
119,2,video2_sec178.5-181.5.wav,2.6666666666666665,2.0548046676563256
120,2,video2_sec180.0-183.0.wav,2.7777777777777772,1.914200832389368
121,2,video2_sec181.5-184.5.wav,3.0,1.6329931618554518
122,2,video2_sec183.0-186.0.wav,3.0,1.6329931618554518
123,2,video2_sec184.5-187.5.wav,2.3333333333333335,1.9844956535980085
124,2,video2_sec186.0-189.0.wav,2.0,2.160246899469287
125,2,video2_sec187.5-190.5.wav,2.0,2.160246899469287
126,2,video2_sec189.0-192.0.wav,2.0,2.160246899469287
127,2,video2_sec190.5-193.5.wav,2.2222222222222228,2.089952078260646
128,2,video2_sec192.0-195.0.wav,2.0,1.6329931618554518
129,2,video2_sec193.5-196.5.wav,2.0,1.6329931618554518
130,2,video2_sec195.0-198.0.wav,2.0,1.6329931618554518
131,2,video2_sec196.5-199.5.wav,2.0,1.6329931618554518
132,2,video2_sec198.0-201.0.wav,2.0,1.6329931618554518
133,2,video2_sec199.5-202.5.wav,2.0,1.6329931618554518
134,2,video2_sec201.0-204.0.wav,2.3333333333333335,2.0548046676563256
135,2,video2_sec202.5-205.5.wav,2.3333333333333335,2.0548046676563256
136,2,video2_sec204.0-207.0.wav,2.4444444444444446,2.0548046676563256
137,2,video2_sec205.5-208.5.wav,2.6666666666666665,2.0548046676563256
138,2,video2_sec207.0-210.0.wav,2.6666666666666665,2.0548046676563256
139,2,video2_sec208.5-211.5.wav,2.6666666666666665,2.0548046676563256
140,2,video2_sec210.0-213.0.wav,2.6666666666666665,2.0548046676563256
141,2,video2_sec211.5-214.5.wav,2.6666666666666665,2.0548046676563256
142,2,video2_sec213.0-216.0.wav,2.6666666666666665,2.0548046676563256
143,2,video2_sec214.5-217.5.wav,2.6666666666666665,2.0548046676563256
144,2,video2_sec216.0-219.0.wav,2.3333333333333335,1.6996731711975948
145,2,video2_sec217.5-220.5.wav,2.3333333333333335,1.6996731711975948
146,2,video2_sec219.0-222.0.wav,1.4444444444444444,1.3980371430156298
147,2,video2_sec220.5-223.5.wav,1.6666666666666667,1.6996731711975948
148,2,video2_sec222.0-225.0.wav,1.6666666666666667,1.6996731711975948
149,2,video2_sec223.5-226.5.wav,1.6666666666666667,1.6996731711975948
150,2,video2_sec225.0-228.0.wav,1.6666666666666667,1.6996731711975948
151,2,video2_sec226.5-229.5.wav,1.6666666666666667,1.6996731711975948
152,2,video2_sec228.0-231.0.wav,1.6666666666666667,1.6996731711975948
153,2,video2_sec229.5-232.5.wav,1.6666666666666667,1.6996731711975948
154,2,video2_sec231.0-234.0.wav,1.6666666666666667,1.6996731711975948
155,2,video2_sec232.5-235.5.wav,1.888888888888889,2.006722323378723
156,2,video2_sec234.0-237.0.wav,2.0,2.160246899469287
157,2,video2_sec235.5-238.5.wav,2.2222222222222228,2.089952078260646
158,2,video2_sec237.0-240.0.wav,2.222222222222222,2.1250994888649664
159,2,video2_sec238.5-241.5.wav,2.4444444444444446,2.0548046676563256
160,2,video2_sec240.0-243.0.wav,2.3333333333333335,2.0548046676563256
161,2,video2_sec241.5-244.5.wav,2.3333333333333335,2.0548046676563256
162,2,video2_sec243.0-246.0.wav,2.3333333333333335,2.0548046676563256
163,2,video2_sec244.5-247.5.wav,2.5555555555555554,2.0548046676563256
164,2,video2_sec246.0-249.0.wav,2.6666666666666665,2.0548046676563256
165,2,video2_sec247.5-250.5.wav,2.6666666666666665,2.0548046676563256
166,2,video2_sec249.0-252.0.wav,2.6666666666666665,2.0548046676563256
167,2,video2_sec250.5-253.5.wav,2.6666666666666665,2.0548046676563256
168,2,video2_sec252.0-255.0.wav,2.6666666666666665,2.0548046676563256
169,2,video2_sec253.5-256.5.wav,2.6666666666666665,2.0548046676563256
170,2,video2_sec255.0-258.0.wav,2.6666666666666665,2.0548046676563256
171,2,video2_sec256.5-259.5.wav,2.6666666666666665,2.0548046676563256
172,2,video2_sec258.0-261.0.wav,2.6666666666666665,2.0548046676563256
173,2,video2_sec259.5-262.5.wav,2.4444444444444446,1.8180503366838385
174,2,video2_sec261.0-264.0.wav,2.3333333333333335,1.6996731711975948
175,2,video2_sec262.5-265.5.wav,2.3333333333333335,1.6996731711975948
176,2,video2_sec264.0-267.0.wav,2.3333333333333335,1.6996731711975948
177,2,video2_sec265.5-268.5.wav,2.3333333333333335,1.6996731711975948
178,2,video2_sec267.0-270.0.wav,2.3333333333333335,1.6996731711975948
179,2,video2_sec268.5-271.5.wav,2.5555555555555554,1.9364275021700823
180,2,video2_sec270.0-273.0.wav,2.6666666666666665,2.0548046676563256
181,2,video2_sec271.5-274.5.wav,2.6666666666666665,2.0548046676563256
182,2,video2_sec273.0-276.0.wav,2.3333333333333335,2.0548046676563256
183,2,video2_sec274.5-277.5.wav,2.3333333333333335,2.0548046676563256
184,2,video2_sec276.0-279.0.wav,2.3333333333333335,2.0548046676563256
185,2,video2_sec277.5-280.5.wav,2.3333333333333335,2.0548046676563256
186,2,video2_sec279.0-282.0.wav,2.3333333333333335,2.0548046676563256
187,2,video2_sec280.5-283.5.wav,2.3333333333333335,2.0548046676563256
188,2,video2_sec282.0-285.0.wav,2.3333333333333335,2.0548046676563256
189,2,video2_sec283.5-286.5.wav,2.3333333333333335,2.0548046676563256
190,2,video2_sec285.0-288.0.wav,2.6666666666666665,2.0548046676563256
191,2,video2_sec286.5-289.5.wav,2.6666666666666665,2.0548046676563256
192,2,video2_sec288.0-291.0.wav,2.6666666666666665,2.0548046676563256
193,2,video2_sec289.5-292.5.wav,2.4444444444444446,2.0548046676563256
194,2,video2_sec291.0-294.0.wav,2.4444444444444446,2.0548046676563256
195,2,video2_sec292.5-295.5.wav,2.6666666666666665,2.0548046676563256
196,2,video2_sec294.0-297.0.wav,2.6666666666666665,2.0548046676563256
197,2,video2_sec295.5-298.5.wav,2.6666666666666665,2.0548046676563256
198,2,video2_sec297.0-300.0.wav,1.888888888888889,1.6045199682560949
199,2,video2_sec298.5-301.5.wav,1.0,1.4142135623730951
200,2,video2_sec300.0-303.0.wav,1.0,1.4142135623730951
201,2,video2_sec301.5-304.5.wav,1.0,1.4142135623730951
202,2,video2_sec303.0-306.0.wav,1.0,1.4142135623730951
203,2,video2_sec304.5-307.5.wav,1.0,1.4142135623730951
204,2,video2_sec306.0-309.0.wav,0.7777777777777777,1.0999438818457408
205,2,video2_sec307.5-310.5.wav,0.3333333333333333,0.47140452079103173
0,3,video3_sec0.0-3.0.wav,1.3333333333333333,1.4907119849998596
1,3,video3_sec1.5-4.5.wav,1.3333333333333333,1.4907119849998596
2,3,video3_sec3.0-6.0.wav,1.3888888888888886,1.5295663656106262
3,3,video3_sec4.5-7.5.wav,1.6111111111111114,1.6688738230757831
4,3,video3_sec6.0-9.0.wav,1.6666666666666667,1.6996731711975948
5,3,video3_sec7.5-10.5.wav,1.7777777777777777,1.7476850362586038
6,3,video3_sec9.0-12.0.wav,1.9444444444444444,1.8313884186771625
7,3,video3_sec10.5-13.5.wav,2.1666666666666665,1.9507833184532706
8,3,video3_sec12.0-15.0.wav,2.3333333333333335,1.972026594366539
9,3,video3_sec13.5-16.5.wav,2.3333333333333335,1.972026594366539
10,3,video3_sec15.0-18.0.wav,2.388888888888889,1.8504427718550789
11,3,video3_sec16.5-19.5.wav,2.3888888888888893,1.8504427718550789
12,3,video3_sec18.0-21.0.wav,2.5,1.6072751268321592
13,3,video3_sec19.5-22.5.wav,2.3888888888888893,1.5295663656106262
14,3,video3_sec21.0-24.0.wav,2.3333333333333335,1.4907119849998598
15,3,video3_sec22.5-25.5.wav,2.4444444444444446,1.5684207462213928
16,3,video3_sec24.0-27.0.wav,2.6666666666666665,1.6996731711975948
17,3,video3_sec25.5-28.5.wav,2.6666666666666665,1.6996731711975948
18,3,video3_sec27.0-30.0.wav,2.6666666666666665,1.6996731711975948
19,3,video3_sec28.5-31.5.wav,2.6666666666666665,1.6996731711975948
20,3,video3_sec30.0-33.0.wav,2.6666666666666665,1.5488551571066125
21,3,video3_sec31.5-34.5.wav,2.777777777777778,1.014091354878716
22,3,video3_sec33.0-36.0.wav,3.0,0.38490017945975047
23,3,video3_sec34.5-37.5.wav,3.0,0.0
24,3,video3_sec36.0-39.0.wav,3.1666666666666665,0.3726779962499649
25,3,video3_sec37.5-40.5.wav,3.1666666666666665,0.3726779962499649
26,3,video3_sec39.0-42.0.wav,3.0555555555555554,0.5091261782097388
27,3,video3_sec40.5-43.5.wav,2.9444444444444446,0.5823488460408395
28,3,video3_sec42.0-45.0.wav,2.8333333333333335,0.6871842709362768
29,3,video3_sec43.5-46.5.wav,2.8333333333333335,0.6871842709362768
30,3,video3_sec45.0-48.0.wav,2.777777777777778,0.7723925278182057
31,3,video3_sec46.5-49.5.wav,2.6666666666666665,0.9428090415820632
32,3,video3_sec48.0-51.0.wav,2.6666666666666665,0.9428090415820632
33,3,video3_sec49.5-52.5.wav,2.6666666666666665,0.9428090415820632
34,3,video3_sec51.0-54.0.wav,2.6666666666666665,0.9428090415820632
35,3,video3_sec52.5-55.5.wav,2.6666666666666665,0.9428090415820632
36,3,video3_sec54.0-57.0.wav,2.6666666666666665,0.9428090415820632
37,3,video3_sec55.5-58.5.wav,2.6666666666666665,0.9428090415820632
38,3,video3_sec57.0-60.0.wav,2.6666666666666665,0.9428090415820632
39,3,video3_sec58.5-61.5.wav,2.6666666666666665,0.9428090415820632
40,3,video3_sec60.0-63.0.wav,2.6666666666666665,0.9428090415820632
41,3,video3_sec61.5-64.5.wav,2.5555555555555554,0.9525544190315799
42,3,video3_sec63.0-66.0.wav,2.5,0.9574271077563381
43,3,video3_sec64.5-67.5.wav,2.5,0.9574271077563381
44,3,video3_sec66.0-69.0.wav,2.5,0.9574271077563381
45,3,video3_sec67.5-70.5.wav,2.5,0.9574271077563381
46,3,video3_sec69.0-72.0.wav,2.5555555555555554,1.0067986040992698
47,3,video3_sec70.5-73.5.wav,2.5555555555555554,1.0067986040992698
48,3,video3_sec72.0-75.0.wav,2.4444444444444446,0.9525544190315799
49,3,video3_sec73.5-76.5.wav,2.3333333333333335,0.9428090415820632
50,3,video3_sec75.0-78.0.wav,2.277777777777778,0.9277151836732925
51,3,video3_sec76.5-79.5.wav,1.9444444444444444,1.5414358101184666
52,3,video3_sec78.0-81.0.wav,1.8333333333333333,1.863389981249825
53,3,video3_sec79.5-82.5.wav,1.7222222222222223,2.0951854561301197
54,3,video3_sec81.0-84.0.wav,1.8333333333333333,2.266911751455907
55,3,video3_sec82.5-85.5.wav,1.8333333333333333,2.266911751455907
56,3,video3_sec84.0-87.0.wav,1.8333333333333333,2.266911751455907
57,3,video3_sec85.5-88.5.wav,2.1666666666666665,2.462558527789438
58,3,video3_sec87.0-90.0.wav,2.3333333333333335,2.560381915956203
59,3,video3_sec88.5-91.5.wav,2.3333333333333335,2.560381915956203
60,3,video3_sec90.0-93.0.wav,2.388888888888889,2.5835731571963296
61,3,video3_sec91.5-94.5.wav,2.3888888888888893,2.8642678598920077
62,3,video3_sec93.0-96.0.wav,2.277777777777778,2.95785204647609
63,3,video3_sec94.5-97.5.wav,2.1666666666666665,2.91070819942883
64,3,video3_sec96.0-99.0.wav,2.4444444444444446,2.9803941411422166
65,3,video3_sec97.5-100.5.wav,2.5555555555555554,3.021121262518291
66,3,video3_sec99.0-102.0.wav,2.5,2.9860788111948193
67,3,video3_sec100.5-103.5.wav,2.5,2.9860788111948193
68,3,video3_sec102.0-105.0.wav,2.277777777777778,3.345804826610241
69,3,video3_sec103.5-106.5.wav,2.1666666666666665,3.337497399083464
70,3,video3_sec105.0-108.0.wav,2.3333333333333335,2.9814239699997196
71,3,video3_sec106.5-109.5.wav,2.222222222222222,2.8957238531803164
72,3,video3_sec108.0-111.0.wav,2.1666666666666665,2.852873794770615
73,3,video3_sec109.5-112.5.wav,2.1666666666666665,2.852873794770615
74,3,video3_sec111.0-114.0.wav,2.0,2.7688746209726918
75,3,video3_sec112.5-115.5.wav,2.0,2.7688746209726918
76,3,video3_sec114.0-117.0.wav,2.0,2.7688746209726918
77,3,video3_sec115.5-118.5.wav,2.0,2.7688746209726918
78,3,video3_sec117.0-120.0.wav,2.0,2.7688746209726918
79,3,video3_sec118.5-121.5.wav,2.0,2.7688746209726918
80,3,video3_sec120.0-123.0.wav,2.0,2.7688746209726918
81,3,video3_sec121.5-124.5.wav,2.0,2.7688746209726918
82,3,video3_sec123.0-126.0.wav,2.1666666666666665,2.852873794770615
83,3,video3_sec124.5-127.5.wav,2.1666666666666665,2.852873794770615
84,3,video3_sec126.0-129.0.wav,2.1666666666666665,2.852873794770615
85,3,video3_sec127.5-130.5.wav,2.277777777777778,2.938573911590018
86,3,video3_sec129.0-132.0.wav,2.2777777777777777,3.1016501459478376
87,3,video3_sec130.5-133.5.wav,2.5,2.6299556396765835
88,3,video3_sec132.0-135.0.wav,2.5555555555555554,2.515043159828949
89,3,video3_sec133.5-136.5.wav,2.6666666666666665,2.285218200133681
90,3,video3_sec135.0-138.0.wav,3.0,1.6329931618554518
91,3,video3_sec136.5-139.5.wav,3.0,1.6329931618554518
92,3,video3_sec138.0-141.0.wav,3.0,1.6329931618554518
93,3,video3_sec139.5-142.5.wav,3.0,1.6329931618554518
94,3,video3_sec141.0-144.0.wav,3.0,1.6329931618554518
95,3,video3_sec142.5-145.5.wav,3.0,1.6329931618554518
96,3,video3_sec144.0-147.0.wav,3.0,1.6329931618554518
97,3,video3_sec145.5-148.5.wav,3.0,1.6329931618554518
98,3,video3_sec147.0-150.0.wav,3.0555555555555554,1.536565316142443
99,3,video3_sec148.5-151.5.wav,3.277777777777778,1.1849309394288972
100,3,video3_sec150.0-153.0.wav,3.3333333333333335,1.1055415967851334
101,3,video3_sec151.5-154.5.wav,3.222222222222222,1.2643202820726611
102,3,video3_sec153.0-156.0.wav,3.1666666666666665,1.3437096247164249
103,3,video3_sec154.5-157.5.wav,3.1666666666666665,1.3437096247164249
104,3,video3_sec156.0-159.0.wav,3.1666666666666665,1.3437096247164249
105,3,video3_sec157.5-160.5.wav,3.277777777777778,1.4417111982387147
106,3,video3_sec159.0-162.0.wav,3.3333333333333335,1.4907119849998598
107,3,video3_sec160.5-163.5.wav,3.3333333333333335,1.4907119849998598
108,3,video3_sec162.0-165.0.wav,3.3333333333333335,1.4907119849998598
109,3,video3_sec163.5-166.5.wav,3.3333333333333335,1.4907119849998598
110,3,video3_sec165.0-168.0.wav,3.3333333333333335,1.4907119849998598
111,3,video3_sec166.5-169.5.wav,3.0,2.103218694422282
112,3,video3_sec168.0-171.0.wav,2.5555555555555554,2.8262993791633115
113,3,video3_sec169.5-172.5.wav,2.222222222222222,2.8957238531803164
114,3,video3_sec171.0-174.0.wav,2.1666666666666665,2.852873794770615
115,3,video3_sec172.5-175.5.wav,2.1666666666666665,2.852873794770615
116,3,video3_sec174.0-177.0.wav,2.1666666666666665,2.852873794770615
117,3,video3_sec175.5-178.5.wav,2.1666666666666665,2.852873794770615
118,3,video3_sec177.0-180.0.wav,2.222222222222222,2.733395282463508
119,3,video3_sec178.5-181.5.wav,2.3333333333333335,2.494438257849294
120,3,video3_sec180.0-183.0.wav,3.277777777777778,0.7960798176185367
121,3,video3_sec181.5-184.5.wav,3.1666666666666665,0.8975274678557507
122,3,video3_sec183.0-186.0.wav,3.0,1.1547005383792515
123,3,video3_sec184.5-187.5.wav,3.0,1.1547005383792515
124,3,video3_sec186.0-189.0.wav,3.0,1.1547005383792515
125,3,video3_sec187.5-190.5.wav,3.0,1.1547005383792515
126,3,video3_sec189.0-192.0.wav,2.8333333333333335,1.0671873729054748
127,3,video3_sec190.5-193.5.wav,3.0555555555555554,0.8138519715926762
128,3,video3_sec192.0-195.0.wav,3.3333333333333335,0.7453559924999298
129,3,video3_sec193.5-196.5.wav,3.3333333333333335,0.7453559924999298
130,3,video3_sec195.0-198.0.wav,3.3333333333333335,0.7453559924999298
131,3,video3_sec196.5-199.5.wav,3.3333333333333335,0.7453559924999298
132,3,video3_sec198.0-201.0.wav,3.1111111111111107,0.73028837426676
133,3,video3_sec199.5-202.5.wav,3.0,0.8164965809277259
134,3,video3_sec201.0-204.0.wav,3.0,0.8164965809277259
135,3,video3_sec202.5-205.5.wav,3.0,0.8164965809277259
136,3,video3_sec204.0-207.0.wav,2.8333333333333335,0.6871842709362768
137,3,video3_sec205.5-208.5.wav,2.8333333333333335,0.6871842709362768
138,3,video3_sec207.0-210.0.wav,2.6666666666666665,0.4714045207910316
139,3,video3_sec208.5-211.5.wav,2.6666666666666665,0.4714045207910316
140,3,video3_sec210.0-213.0.wav,2.5555555555555554,0.82344475774467
141,3,video3_sec211.5-214.5.wav,2.5555555555555554,0.82344475774467
142,3,video3_sec213.0-216.0.wav,2.3333333333333335,0.7453559924999298
143,3,video3_sec214.5-217.5.wav,2.3333333333333335,0.7453559924999298
144,3,video3_sec216.0-219.0.wav,2.2222222222222223,0.769069521975862
145,3,video3_sec217.5-220.5.wav,1.6666666666666667,1.4107156120825308
146,3,video3_sec219.0-222.0.wav,1.5,1.707825127659933
147,3,video3_sec220.5-223.5.wav,1.5,1.707825127659933
148,3,video3_sec222.0-225.0.wav,1.6666666666666667,1.8856180831641265
149,3,video3_sec223.5-226.5.wav,1.6666666666666667,1.8856180831641265
150,3,video3_sec225.0-228.0.wav,1.6666666666666667,1.8856180831641265
151,3,video3_sec226.5-229.5.wav,1.6666666666666667,1.8856180831641265
152,3,video3_sec228.0-231.0.wav,2.0555555555555554,1.642198559901036
153,3,video3_sec229.5-232.5.wav,2.388888888888889,1.2328540140217144
154,3,video3_sec231.0-234.0.wav,2.6666666666666665,1.1055415967851334
155,3,video3_sec232.5-235.5.wav,2.6666666666666665,1.1055415967851334
156,3,video3_sec234.0-237.0.wav,2.6666666666666665,1.1055415967851334
157,3,video3_sec235.5-238.5.wav,2.6666666666666665,1.1055415967851334
158,3,video3_sec237.0-240.0.wav,2.611111111111111,1.109705727440054
159,3,video3_sec238.5-241.5.wav,2.3888888888888893,1.2041574155330632
160,3,video3_sec240.0-243.0.wav,2.111111111111111,1.9091028317523653
161,3,video3_sec241.5-244.5.wav,1.777777777777778,2.2263828170680777
162,3,video3_sec243.0-246.0.wav,1.5555555555555556,2.644757947904314
163,3,video3_sec244.5-247.5.wav,1.7777777777777777,2.218743047747782
164,3,video3_sec246.0-249.0.wav,2.0,1.8679647962296866
165,3,video3_sec247.5-250.5.wav,2.4444444444444446,1.3810810542817487
166,3,video3_sec249.0-252.0.wav,2.5,1.3844373104863459
167,3,video3_sec250.5-253.5.wav,2.5,1.3844373104863459
168,3,video3_sec252.0-255.0.wav,2.5555555555555554,1.4198622019908502
169,3,video3_sec253.5-256.5.wav,2.6666666666666665,1.2339317261900422
170,3,video3_sec255.0-258.0.wav,2.6666666666666665,0.9854797286900655
171,3,video3_sec256.5-259.5.wav,2.6666666666666665,0.7453559924999299
172,3,video3_sec258.0-261.0.wav,2.611111111111111,0.7514915336086111
173,3,video3_sec259.5-262.5.wav,2.5,0.7637626158259735
174,3,video3_sec261.0-264.0.wav,2.5,0.7637626158259735
175,3,video3_sec262.5-265.5.wav,2.6111111111111107,0.7514915336086111
176,3,video3_sec264.0-267.0.wav,2.8333333333333335,1.0671873729054748
177,3,video3_sec265.5-268.5.wav,2.8333333333333335,1.0671873729054748
178,3,video3_sec267.0-270.0.wav,2.8888888888888893,1.0447915819369833
179,3,video3_sec268.5-271.5.wav,3.0,1.0
180,3,video3_sec270.0-273.0.wav,3.0,1.0
181,3,video3_sec271.5-274.5.wav,3.0,1.0
182,3,video3_sec273.0-276.0.wav,2.8333333333333335,0.6871842709362768
183,3,video3_sec274.5-277.5.wav,2.8333333333333335,0.6871842709362768
184,3,video3_sec276.0-279.0.wav,2.8333333333333335,0.6871842709362768
185,3,video3_sec277.5-280.5.wav,2.8333333333333335,0.6871842709362768
186,3,video3_sec279.0-282.0.wav,2.6666666666666665,0.8769913585546855
187,3,video3_sec280.5-283.5.wav,2.6666666666666665,0.7453559924999298
188,3,video3_sec282.0-285.0.wav,2.8333333333333335,0.8975274678557507
189,3,video3_sec283.5-286.5.wav,2.8333333333333335,0.8975274678557507
190,3,video3_sec285.0-288.0.wav,2.8333333333333335,0.8975274678557507
191,3,video3_sec286.5-289.5.wav,2.8333333333333335,0.8975274678557507
192,3,video3_sec288.0-291.0.wav,2.8333333333333335,0.8975274678557507
193,3,video3_sec289.5-292.5.wav,2.8333333333333335,0.8975274678557507
194,3,video3_sec291.0-294.0.wav,2.8333333333333335,0.8975274678557507
195,3,video3_sec292.5-295.5.wav,2.8333333333333335,0.8975274678557507
196,3,video3_sec294.0-297.0.wav,2.8333333333333335,0.8975274678557507
197,3,video3_sec295.5-298.5.wav,2.8333333333333335,0.8975274678557507
198,3,video3_sec297.0-300.0.wav,2.8333333333333335,0.3726779962499649
199,3,video3_sec298.5-301.5.wav,2.8333333333333335,0.3726779962499649
200,3,video3_sec300.0-303.0.wav,2.777777777777778,0.40558683776365384
201,3,video3_sec301.5-304.5.wav,2.4444444444444446,0.9886142595467753
202,3,video3_sec303.0-306.0.wav,2.3333333333333335,1.247219128924647
203,3,video3_sec304.5-307.5.wav,2.3333333333333335,1.247219128924647
204,3,video3_sec306.0-309.0.wav,2.3333333333333335,1.247219128924647
205,3,video3_sec307.5-310.5.wav,2.4444444444444446,1.25461020244941
206,3,video3_sec309.0-312.0.wav,2.5,1.2583057392117916
207,3,video3_sec310.5-313.5.wav,2.5,1.4194352464039304
208,3,video3_sec312.0-315.0.wav,1.9444444444444444,2.3387307362484013
209,3,video3_sec313.5-316.5.wav,1.8333333333333333,2.5440562537456244
210,3,video3_sec315.0-318.0.wav,1.8888888888888886,2.441393494997013
211,3,video3_sec316.5-319.5.wav,2.0,2.23606797749979
212,3,video3_sec318.0-321.0.wav,2.0,2.23606797749979
213,3,video3_sec319.5-322.5.wav,2.0,2.23606797749979
214,3,video3_sec321.0-324.0.wav,2.5555555555555554,1.8285373561325926
215,3,video3_sec322.5-325.5.wav,2.6666666666666665,1.6996731711975948
216,3,video3_sec324.0-327.0.wav,2.722222222222222,1.6572255103570968
217,3,video3_sec325.5-328.5.wav,2.722222222222222,1.6572255103570968
218,3,video3_sec327.0-330.0.wav,2.6666666666666665,1.6996731711975948
219,3,video3_sec328.5-331.5.wav,2.6666666666666665,1.6996731711975948
220,3,video3_sec330.0-333.0.wav,2.6666666666666665,1.6996731711975948
221,3,video3_sec331.5-334.5.wav,2.6666666666666665,1.6996731711975948
222,3,video3_sec333.0-336.0.wav,1.5555555555555554,1.9508910596325073
223,3,video3_sec334.5-337.5.wav,0.888888888888889,2.9180439502058904
224,3,video3_sec336.0-339.0.wav,0.6666666666666666,2.7588931848960847
225,3,video3_sec337.5-340.5.wav,0.6666666666666666,2.4267032964268394
226,3,video3_sec339.0-342.0.wav,0.8333333333333334,2.1147629234082532
227,3,video3_sec340.5-343.5.wav,0.5,1.9619996965788353
228,3,video3_sec342.0-345.0.wav,0.5555555555555555,1.5296395985122906
229,3,video3_sec343.5-346.5.wav,0.8888888888888888,1.2279232062103522
230,3,video3_sec345.0-348.0.wav,1.0555555555555556,1.2133516482134197
231,3,video3_sec346.5-349.5.wav,0.2777777777777778,0.4044505494044732
0,4,video4_sec0.0-3.0.wav,1.0,1.0
1,4,video4_sec1.5-4.5.wav,1.0,1.0
2,4,video4_sec3.0-6.0.wav,1.0,1.0
3,4,video4_sec4.5-7.5.wav,1.0,1.0
4,4,video4_sec6.0-9.0.wav,1.0,1.0
5,4,video4_sec7.5-10.5.wav,1.0,1.0
6,4,video4_sec9.0-12.0.wav,1.3333333333333333,0.6666666666666666
7,4,video4_sec10.5-13.5.wav,1.0,1.0
8,4,video4_sec12.0-15.0.wav,0.5,1.5
9,4,video4_sec13.5-16.5.wav,0.16666666666666666,1.1666666666666667
10,4,video4_sec15.0-18.0.wav,-0.5,1.5
11,4,video4_sec16.5-19.5.wav,-0.5,1.5
12,4,video4_sec18.0-21.0.wav,-0.5,1.5
13,4,video4_sec19.5-22.5.wav,-0.5,1.5
14,4,video4_sec21.0-24.0.wav,-0.5,1.5
15,4,video4_sec22.5-25.5.wav,-0.5,1.5
16,4,video4_sec24.0-27.0.wav,-0.5,1.5
17,4,video4_sec25.5-28.5.wav,-0.5,1.5
18,4,video4_sec27.0-30.0.wav,-0.5,1.5
19,4,video4_sec28.5-31.5.wav,-0.5,1.5
20,4,video4_sec30.0-33.0.wav,-0.5,1.5
21,4,video4_sec31.5-34.5.wav,-0.5,1.5
22,4,video4_sec33.0-36.0.wav,0.0,1.0
23,4,video4_sec34.5-37.5.wav,0.0,1.0
24,4,video4_sec36.0-39.0.wav,0.0,1.0
25,4,video4_sec37.5-40.5.wav,0.0,1.0
26,4,video4_sec39.0-42.0.wav,0.0,1.0
27,4,video4_sec40.5-43.5.wav,0.0,1.0
28,4,video4_sec42.0-45.0.wav,0.3333333333333333,0.3333333333333333
29,4,video4_sec43.5-46.5.wav,0.0,0.0
30,4,video4_sec45.0-48.0.wav,0.0,0.0
31,4,video4_sec46.5-49.5.wav,0.0,0.0
32,4,video4_sec48.0-51.0.wav,0.0,0.0
33,4,video4_sec49.5-52.5.wav,0.0,0.0
34,4,video4_sec51.0-54.0.wav,0.0,0.0
35,4,video4_sec52.5-55.5.wav,0.0,0.0
36,4,video4_sec54.0-57.0.wav,0.0,0.0
37,4,video4_sec55.5-58.5.wav,0.0,0.0
38,4,video4_sec57.0-60.0.wav,0.0,0.0
39,4,video4_sec58.5-61.5.wav,0.0,0.0
40,4,video4_sec60.0-63.0.wav,-0.16666666666666666,0.16666666666666666
41,4,video4_sec61.5-64.5.wav,-0.5,0.5
42,4,video4_sec63.0-66.0.wav,-0.5,0.5
43,4,video4_sec64.5-67.5.wav,-0.5,0.5
44,4,video4_sec66.0-69.0.wav,-0.5,0.5
45,4,video4_sec67.5-70.5.wav,-0.5,0.5
46,4,video4_sec69.0-72.0.wav,-0.5,0.5
47,4,video4_sec70.5-73.5.wav,-0.5,0.5
48,4,video4_sec72.0-75.0.wav,-0.5,0.5
49,4,video4_sec73.5-76.5.wav,-0.5,0.5
50,4,video4_sec75.0-78.0.wav,-1.0,0.0
51,4,video4_sec76.5-79.5.wav,-0.6666666666666666,0.3333333333333333
52,4,video4_sec78.0-81.0.wav,-0.5,0.5
53,4,video4_sec79.5-82.5.wav,0.16666666666666666,1.1666666666666667
54,4,video4_sec81.0-84.0.wav,0.0,1.0
55,4,video4_sec82.5-85.5.wav,0.0,1.0
56,4,video4_sec84.0-87.0.wav,0.0,1.0
57,4,video4_sec85.5-88.5.wav,-0.3333333333333333,0.6666666666666666
58,4,video4_sec87.0-90.0.wav,-0.5,0.5
59,4,video4_sec88.5-91.5.wav,-0.5,0.5
60,4,video4_sec90.0-93.0.wav,-0.6666666666666666,0.3333333333333333
61,4,video4_sec91.5-94.5.wav,-1.0,0.0
62,4,video4_sec93.0-96.0.wav,-0.5,0.5
63,4,video4_sec94.5-97.5.wav,-0.5,0.5
64,4,video4_sec96.0-99.0.wav,-0.5,0.5
65,4,video4_sec97.5-100.5.wav,-0.5,0.5
66,4,video4_sec99.0-102.0.wav,0.0,0.0
67,4,video4_sec100.5-103.5.wav,0.0,0.0
68,4,video4_sec102.0-105.0.wav,0.0,0.0
69,4,video4_sec103.5-106.5.wav,0.3333333333333333,0.3333333333333333
70,4,video4_sec105.0-108.0.wav,0.0,0.0
71,4,video4_sec106.5-109.5.wav,0.0,0.0
72,4,video4_sec108.0-111.0.wav,0.0,0.0
73,4,video4_sec109.5-112.5.wav,0.3333333333333333,0.3333333333333333
74,4,video4_sec111.0-114.0.wav,0.8333333333333334,0.8333333333333334
75,4,video4_sec112.5-115.5.wav,1.8333333333333333,1.1666666666666667
76,4,video4_sec114.0-117.0.wav,1.5,0.5
77,4,video4_sec115.5-118.5.wav,1.5,0.5
78,4,video4_sec117.0-120.0.wav,1.5,0.5
79,4,video4_sec118.5-121.5.wav,1.5,0.5
80,4,video4_sec120.0-123.0.wav,1.5,0.5
81,4,video4_sec121.5-124.5.wav,1.5,0.5
82,4,video4_sec123.0-126.0.wav,1.5,0.5
83,4,video4_sec124.5-127.5.wav,1.5,0.5
84,4,video4_sec126.0-129.0.wav,1.5,0.5
85,4,video4_sec127.5-130.5.wav,1.5,0.5
86,4,video4_sec129.0-132.0.wav,1.3333333333333333,0.6666666666666666
87,4,video4_sec130.5-133.5.wav,1.0,1.0
88,4,video4_sec132.0-135.0.wav,1.0,1.0
89,4,video4_sec133.5-136.5.wav,1.0,1.0
90,4,video4_sec135.0-138.0.wav,0.5,0.5
91,4,video4_sec136.5-139.5.wav,0.16666666666666666,0.16666666666666666
92,4,video4_sec138.0-141.0.wav,0.0,0.0
93,4,video4_sec139.5-142.5.wav,0.0,0.0
94,4,video4_sec141.0-144.0.wav,0.0,0.0
95,4,video4_sec142.5-145.5.wav,0.0,0.0
96,4,video4_sec144.0-147.0.wav,0.0,0.0
97,4,video4_sec145.5-148.5.wav,0.0,0.0
98,4,video4_sec147.0-150.0.wav,0.0,0.0
99,4,video4_sec148.5-151.5.wav,0.3333333333333333,0.3333333333333333
100,4,video4_sec150.0-153.0.wav,0.5,0.5
101,4,video4_sec151.5-154.5.wav,0.5,0.5
102,4,video4_sec153.0-156.0.wav,1.0,0.0
103,4,video4_sec154.5-157.5.wav,1.0,0.0
104,4,video4_sec156.0-159.0.wav,1.0,0.0
105,4,video4_sec157.5-160.5.wav,1.0,0.0
106,4,video4_sec159.0-162.0.wav,1.0,0.0
107,4,video4_sec160.5-163.5.wav,1.0,0.0
108,4,video4_sec162.0-165.0.wav,1.0,0.0
109,4,video4_sec163.5-166.5.wav,1.0,0.0
110,4,video4_sec165.0-168.0.wav,1.5,0.5
111,4,video4_sec166.5-169.5.wav,1.5,0.5
112,4,video4_sec168.0-171.0.wav,1.5,0.5
113,4,video4_sec169.5-172.5.wav,1.5,0.5
114,4,video4_sec171.0-174.0.wav,1.6666666666666667,0.6666666666666666
115,4,video4_sec172.5-175.5.wav,2.0,1.0
116,4,video4_sec174.0-177.0.wav,1.5,0.5
117,4,video4_sec175.5-178.5.wav,1.5,0.5
118,4,video4_sec177.0-180.0.wav,1.5,0.5
119,4,video4_sec178.5-181.5.wav,1.5,0.5
120,4,video4_sec180.0-183.0.wav,1.6666666666666667,0.3333333333333333
121,4,video4_sec181.5-184.5.wav,1.6666666666666667,0.3333333333333333
122,4,video4_sec183.0-186.0.wav,1.6666666666666667,0.3333333333333333
123,4,video4_sec184.5-187.5.wav,2.0,0.0
124,4,video4_sec186.0-189.0.wav,2.0,0.0
125,4,video4_sec187.5-190.5.wav,2.0,0.0
126,4,video4_sec189.0-192.0.wav,2.0,0.0
127,4,video4_sec190.5-193.5.wav,2.0,0.0
128,4,video4_sec192.0-195.0.wav,2.5,0.5
129,4,video4_sec193.5-196.5.wav,2.5,0.5
130,4,video4_sec195.0-198.0.wav,2.5,0.5
131,4,video4_sec196.5-199.5.wav,2.5,0.5
132,4,video4_sec198.0-201.0.wav,2.5,0.5
133,4,video4_sec199.5-202.5.wav,2.5,0.5
134,4,video4_sec201.0-204.0.wav,2.5,0.5
135,4,video4_sec202.5-205.5.wav,2.1666666666666665,0.8333333333333334
136,4,video4_sec204.0-207.0.wav,1.8333333333333333,0.8333333333333334
137,4,video4_sec205.5-208.5.wav,1.5,0.5
138,4,video4_sec207.0-210.0.wav,1.5,0.5
139,4,video4_sec208.5-211.5.wav,1.5,0.5
140,4,video4_sec210.0-213.0.wav,1.5,0.5
141,4,video4_sec211.5-214.5.wav,1.5,0.5
142,4,video4_sec213.0-216.0.wav,1.5,0.5
143,4,video4_sec214.5-217.5.wav,1.5,0.5
144,4,video4_sec216.0-219.0.wav,1.5,0.5
145,4,video4_sec217.5-220.5.wav,1.5,0.5
146,4,video4_sec219.0-222.0.wav,1.5,0.5
147,4,video4_sec220.5-223.5.wav,1.5,0.5
148,4,video4_sec222.0-225.0.wav,1.5,0.5
149,4,video4_sec223.5-226.5.wav,1.5,0.5
150,4,video4_sec225.0-228.0.wav,1.5,0.5
151,4,video4_sec226.5-229.5.wav,1.8333333333333333,0.16666666666666666
152,4,video4_sec228.0-231.0.wav,2.3333333333333335,0.3333333333333333
153,4,video4_sec229.5-232.5.wav,2.0,0.0
154,4,video4_sec231.0-234.0.wav,2.0,0.0
155,4,video4_sec232.5-235.5.wav,2.0,0.0
156,4,video4_sec234.0-237.0.wav,1.8333333333333333,0.16666666666666666
157,4,video4_sec235.5-238.5.wav,1.5,0.5
158,4,video4_sec237.0-240.0.wav,1.5,0.5
159,4,video4_sec238.5-241.5.wav,1.5,0.5
160,4,video4_sec240.0-243.0.wav,2.0,1.0
161,4,video4_sec241.5-244.5.wav,2.0,1.0
162,4,video4_sec243.0-246.0.wav,2.0,1.0
163,4,video4_sec244.5-247.5.wav,2.0,1.0
164,4,video4_sec246.0-249.0.wav,1.5,0.5
165,4,video4_sec247.5-250.5.wav,1.5,0.5
166,4,video4_sec249.0-252.0.wav,1.5,0.5
167,4,video4_sec250.5-253.5.wav,1.5,0.5
168,4,video4_sec252.0-255.0.wav,1.5,0.5
169,4,video4_sec253.5-256.5.wav,1.5,0.5
170,4,video4_sec255.0-258.0.wav,1.5,0.5
171,4,video4_sec256.5-259.5.wav,1.5,0.5
172,4,video4_sec258.0-261.0.wav,1.8333333333333333,0.8333333333333334
173,4,video4_sec259.5-262.5.wav,1.5,0.5
174,4,video4_sec261.0-264.0.wav,1.5,0.5
175,4,video4_sec262.5-265.5.wav,1.1666666666666667,0.16666666666666666
176,4,video4_sec264.0-267.0.wav,1.5,0.5
177,4,video4_sec265.5-268.5.wav,1.5,0.5
178,4,video4_sec267.0-270.0.wav,1.6666666666666667,0.6666666666666666
179,4,video4_sec268.5-271.5.wav,1.6666666666666667,1.3333333333333333
180,4,video4_sec270.0-273.0.wav,1.5,1.5
181,4,video4_sec271.5-274.5.wav,1.5,1.5
182,4,video4_sec273.0-276.0.wav,1.5,1.5
183,4,video4_sec274.5-277.5.wav,1.5,1.5
184,4,video4_sec276.0-279.0.wav,1.5,1.5
185,4,video4_sec277.5-280.5.wav,1.5,1.5
186,4,video4_sec279.0-282.0.wav,1.3333333333333333,1.3333333333333333
187,4,video4_sec280.5-283.5.wav,1.0,1.0
188,4,video4_sec282.0-285.0.wav,0.5,0.5
189,4,video4_sec283.5-286.5.wav,0.8333333333333334,0.16666666666666666
190,4,video4_sec285.0-288.0.wav,1.0,0.0
191,4,video4_sec286.5-289.5.wav,1.0,0.0
192,4,video4_sec288.0-291.0.wav,1.5,0.5
193,4,video4_sec289.5-292.5.wav,1.5,0.5
194,4,video4_sec291.0-294.0.wav,1.1666666666666667,0.5
195,4,video4_sec292.5-295.5.wav,0.5,0.5
196,4,video4_sec294.0-297.0.wav,0.3333333333333333,0.3333333333333333
197,4,video4_sec295.5-298.5.wav,0.0,0.0
0,5,video5_sec1.5-4.5.wav,0.0,2.0
1,5,video5_sec0.0-3.0.wav,0.0,2.0
2,5,video5_sec3.0-6.0.wav,0.0,2.0
3,5,video5_sec4.5-7.5.wav,0.0,2.0
4,5,video5_sec6.0-9.0.wav,-0.6666666666666666,1.3333333333333333
5,5,video5_sec7.5-10.5.wav,-1.6666666666666667,0.3333333333333333
6,5,video5_sec9.0-12.0.wav,0.3333333333333333,2.3333333333333335
7,5,video5_sec10.5-13.5.wav,1.0,3.0
8,5,video5_sec12.0-15.0.wav,0.6666666666666666,2.6666666666666665
9,5,video5_sec13.5-16.5.wav,0.0,2.6666666666666665
10,5,video5_sec15.0-18.0.wav,-0.5,2.5
11,5,video5_sec16.5-19.5.wav,-0.5,2.5
12,5,video5_sec18.0-21.0.wav,-0.16666666666666666,2.8333333333333335
13,5,video5_sec19.5-22.5.wav,-0.8333333333333334,2.1666666666666665
14,5,video5_sec21.0-24.0.wav,-1.5,1.5
15,5,video5_sec22.5-25.5.wav,-1.5,1.5
16,5,video5_sec24.0-27.0.wav,-1.5,1.5
17,5,video5_sec27.0-30.0.wav,-1.8333333333333333,1.1666666666666667
18,5,video5_sec25.5-28.5.wav,-2.1666666666666665,0.8333333333333334
19,5,video5_sec28.5-31.5.wav,-2.1666666666666665,0.8333333333333334
20,5,video5_sec30.0-33.0.wav,-2.0,1.0
21,5,video5_sec31.5-34.5.wav,-2.0,1.0
22,5,video5_sec33.0-36.0.wav,-1.0,2.0
23,5,video5_sec34.5-37.5.wav,-0.3333333333333333,2.6666666666666665
24,5,video5_sec36.0-39.0.wav,-1.1666666666666667,1.8333333333333333
25,5,video5_sec37.5-40.5.wav,-1.8333333333333333,1.1666666666666667
26,5,video5_sec39.0-42.0.wav,-2.3333333333333335,0.6666666666666666
27,5,video5_sec42.0-45.0.wav,-1.6666666666666667,1.3333333333333333
28,5,video5_sec40.5-43.5.wav,-3.0,0.0
29,5,video5_sec43.5-46.5.wav,-3.0,0.0
30,5,video5_sec45.0-48.0.wav,-3.0,0.0
31,5,video5_sec46.5-49.5.wav,-3.0,0.0
32,5,video5_sec48.0-51.0.wav,-3.0,0.0
33,5,video5_sec49.5-52.5.wav,-2.6666666666666665,0.3333333333333333
34,5,video5_sec51.0-54.0.wav,-1.5,1.5
35,5,video5_sec52.5-55.5.wav,-2.1666666666666665,0.8333333333333334
36,5,video5_sec54.0-57.0.wav,-1.8333333333333333,1.1666666666666667
37,5,video5_sec55.5-58.5.wav,-1.5,1.5
38,5,video5_sec57.0-60.0.wav,-1.5,1.5
39,5,video5_sec58.5-61.5.wav,-2.1666666666666665,0.8333333333333334
40,5,video5_sec60.0-63.0.wav,-2.6666666666666665,0.3333333333333333
41,5,video5_sec61.5-64.5.wav,-2.6666666666666665,0.3333333333333333
42,5,video5_sec63.0-66.0.wav,-2.5,0.5
43,5,video5_sec64.5-67.5.wav,-2.5,0.5
44,5,video5_sec67.5-70.5.wav,-2.5,0.5
45,5,video5_sec66.0-69.0.wav,-2.5,0.5
46,5,video5_sec69.0-72.0.wav,-2.5,0.5
47,5,video5_sec70.5-73.5.wav,-2.5,0.5
48,5,video5_sec72.0-75.0.wav,-2.5,0.5
49,5,video5_sec73.5-76.5.wav,-2.5,0.5
50,5,video5_sec75.0-78.0.wav,-2.1666666666666665,0.5
51,5,video5_sec76.5-79.5.wav,-1.5,0.5
52,5,video5_sec78.0-81.0.wav,-1.3333333333333333,0.6666666666666666
53,5,video5_sec79.5-82.5.wav,-1.0,1.0
54,5,video5_sec81.0-84.0.wav,-0.8333333333333334,1.1666666666666667
55,5,video5_sec82.5-85.5.wav,-0.5,1.5
56,5,video5_sec84.0-87.0.wav,-1.0,1.0
57,5,video5_sec85.5-88.5.wav,-0.3333333333333333,1.6666666666666667
58,5,video5_sec87.0-90.0.wav,-0.5,1.5
59,5,video5_sec88.5-91.5.wav,-0.5,1.5
60,5,video5_sec90.0-93.0.wav,-0.6666666666666666,1.3333333333333333
61,5,video5_sec91.5-94.5.wav,-1.0,1.0
62,5,video5_sec94.5-97.5.wav,-1.0,1.0
63,5,video5_sec93.0-96.0.wav,-1.0,1.0
64,5,video5_sec97.5-100.5.wav,-1.0,1.0
65,5,video5_sec96.0-99.0.wav,-1.0,1.0
66,5,video5_sec100.5-103.5.wav,-1.0,1.0
67,5,video5_sec99.0-102.0.wav,-1.0,1.0
68,5,video5_sec103.5-106.5.wav,-1.0,1.0
69,5,video5_sec102.0-105.0.wav,-1.0,1.0
70,5,video5_sec105.0-108.0.wav,-1.0,1.0
71,5,video5_sec106.5-109.5.wav,-1.0,1.0
72,5,video5_sec108.0-111.0.wav,-1.0,1.0
73,5,video5_sec109.5-112.5.wav,-1.0,1.0
74,5,video5_sec112.5-115.5.wav,-0.5,1.5
75,5,video5_sec115.5-118.5.wav,0.5,2.5
76,5,video5_sec111.0-114.0.wav,0.3333333333333333,2.3333333333333335
77,5,video5_sec114.0-117.0.wav,-0.3333333333333333,1.6666666666666667
78,5,video5_sec117.0-120.0.wav,-0.5,1.5
79,5,video5_sec118.5-121.5.wav,-0.16666666666666666,1.8333333333333333
80,5,video5_sec120.0-123.0.wav,-1.0,1.0
81,5,video5_sec121.5-124.5.wav,-1.0,1.0
82,5,video5_sec123.0-126.0.wav,-0.8333333333333334,1.1666666666666667
83,5,video5_sec127.5-130.5.wav,-0.16666666666666666,1.8333333333333333
84,5,video5_sec129.0-132.0.wav,-1.3333333333333333,0.6666666666666666
85,5,video5_sec124.5-127.5.wav,-1.6666666666666667,0.3333333333333333
86,5,video5_sec126.0-129.0.wav,-1.5,0.5
87,5,video5_sec130.5-133.5.wav,-1.5,0.5
88,5,video5_sec132.0-135.0.wav,-1.5,0.5
89,5,video5_sec133.5-136.5.wav,-1.5,0.5
90,5,video5_sec135.0-138.0.wav,-1.6666666666666667,0.3333333333333333
91,5,video5_sec136.5-139.5.wav,-2.6666666666666665,0.0
92,5,video5_sec138.0-141.0.wav,-2.0,1.0
93,5,video5_sec144.0-147.0.wav,-2.0,1.0
94,5,video5_sec141.0-144.0.wav,-1.1666666666666667,1.8333333333333333
95,5,video5_sec142.5-145.5.wav,-1.5,1.5
96,5,video5_sec145.5-148.5.wav,-1.5,1.5
97,5,video5_sec148.5-151.5.wav,-1.5,1.5
98,5,video5_sec147.0-150.0.wav,-1.3333333333333333,1.6666666666666667
99,5,video5_sec139.5-142.5.wav,-0.6666666666666666,2.3333333333333335
100,5,video5_sec150.0-153.0.wav,-0.8333333333333334,2.1666666666666665
101,5,video5_sec151.5-154.5.wav,-0.16666666666666666,2.8333333333333335
102,5,video5_sec153.0-156.0.wav,-0.6666666666666666,2.3333333333333335
103,5,video5_sec156.0-159.0.wav,-0.3333333333333333,2.6666666666666665
104,5,video5_sec154.5-157.5.wav,-1.0,2.0
105,5,video5_sec157.5-160.5.wav,-1.0,2.0
106,5,video5_sec159.0-162.0.wav,-1.1666666666666667,1.8333333333333333
107,5,video5_sec162.0-165.0.wav,-1.5,1.5
108,5,video5_sec160.5-163.5.wav,-1.0,1.0
109,5,video5_sec165.0-168.0.wav,-0.6666666666666666,1.3333333333333333
110,5,video5_sec163.5-166.5.wav,-0.5,1.5
111,5,video5_sec166.5-169.5.wav,-0.5,1.5
112,5,video5_sec168.0-171.0.wav,-0.6666666666666666,1.3333333333333333
113,5,video5_sec169.5-172.5.wav,-1.0,1.0
114,5,video5_sec171.0-174.0.wav,-0.5,1.5
115,5,video5_sec172.5-175.5.wav,-0.5,1.5
116,5,video5_sec174.0-177.0.wav,-0.5,1.5
117,5,video5_sec175.5-178.5.wav,-0.16666666666666666,1.8333333333333333
118,5,video5_sec180.0-183.0.wav,0.0,2.0
119,5,video5_sec177.0-180.0.wav,0.0,2.0
120,5,video5_sec178.5-181.5.wav,0.0,2.0
121,5,video5_sec184.5-187.5.wav,-0.3333333333333333,1.6666666666666667
122,5,video5_sec183.0-186.0.wav,-0.5,1.5
123,5,video5_sec181.5-184.5.wav,-0.5,1.5
124,5,video5_sec186.0-189.0.wav,-0.3333333333333333,1.6666666666666667
125,5,video5_sec189.0-192.0.wav,0.0,2.6666666666666665
126,5,video5_sec187.5-190.5.wav,-0.6666666666666666,2.3333333333333335
127,5,video5_sec190.5-193.5.wav,-1.0,2.0
128,5,video5_sec192.0-195.0.wav,-1.0,2.0
129,5,video5_sec193.5-196.5.wav,-1.3333333333333333,1.6666666666666667
130,5,video5_sec195.0-198.0.wav,-2.5,0.5
131,5,video5_sec199.5-202.5.wav,-2.1666666666666665,0.8333333333333334
132,5,video5_sec198.0-201.0.wav,-2.0,1.0
133,5,video5_sec196.5-199.5.wav,-1.6666666666666667,1.3333333333333333
134,5,video5_sec201.0-204.0.wav,-1.0,2.0
135,5,video5_sec205.5-208.5.wav,-0.6666666666666666,2.3333333333333335
136,5,video5_sec204.0-207.0.wav,-1.0,2.0
137,5,video5_sec202.5-205.5.wav,-1.0,2.0
138,5,video5_sec207.0-210.0.wav,-1.0,2.0
139,5,video5_sec208.5-211.5.wav,-1.0,2.0
140,5,video5_sec210.0-213.0.wav,-1.0,2.0
141,5,video5_sec214.5-217.5.wav,-1.0,2.0
142,5,video5_sec211.5-214.5.wav,-1.0,2.0
143,5,video5_sec213.0-216.0.wav,-1.3333333333333333,1.6666666666666667
144,5,video5_sec216.0-219.0.wav,-1.6666666666666667,1.3333333333333333
145,5,video5_sec220.5-223.5.wav,-1.3333333333333333,2.3333333333333335
146,5,video5_sec219.0-222.0.wav,-2.0,2.0
147,5,video5_sec217.5-220.5.wav,-2.0,2.0
148,5,video5_sec222.0-225.0.wav,-1.5,2.5
149,5,video5_sec223.5-226.5.wav,-1.5,2.5
150,5,video5_sec225.0-228.0.wav,-1.5,2.5
151,5,video5_sec231.0-234.0.wav,-1.5,2.5
152,5,video5_sec228.0-231.0.wav,-1.3333333333333333,2.6666666666666665
153,5,video5_sec226.5-229.5.wav,-1.3333333333333333,2.6666666666666665
154,5,video5_sec229.5-232.5.wav,-1.5,2.5
155,5,video5_sec232.5-235.5.wav,-1.5,2.5
156,5,video5_sec234.0-237.0.wav,-1.5,2.5
157,5,video5_sec235.5-238.5.wav,-1.5,2.5
158,5,video5_sec238.5-241.5.wav,-1.1666666666666667,2.8333333333333335
159,5,video5_sec237.0-240.0.wav,-1.5,2.5
160,5,video5_sec240.0-243.0.wav,-1.3333333333333333,2.6666666666666665
161,5,video5_sec243.0-246.0.wav,-1.0,3.0
162,5,video5_sec241.5-244.5.wav,-1.0,3.0
163,5,video5_sec244.5-247.5.wav,-1.0,3.0
164,5,video5_sec246.0-249.0.wav,-0.5,2.5
165,5,video5_sec247.5-250.5.wav,-0.5,2.5
166,5,video5_sec250.5-253.5.wav,-1.0,2.0
167,5,video5_sec249.0-252.0.wav,-0.6666666666666666,2.3333333333333335
168,5,video5_sec252.0-255.0.wav,-1.8333333333333333,1.1666666666666667
169,5,video5_sec253.5-256.5.wav,-2.1666666666666665,0.8333333333333334
170,5,video5_sec255.0-258.0.wav,-2.0,1.0
171,5,video5_sec256.5-259.5.wav,-2.0,1.0
172,5,video5_sec258.0-261.0.wav,-2.0,1.0
173,5,video5_sec259.5-262.5.wav,-2.0,1.0
174,5,video5_sec261.0-264.0.wav,-1.1666666666666667,1.8333333333333333
175,5,video5_sec262.5-265.5.wav,-0.8333333333333334,2.1666666666666665
176,5,video5_sec264.0-267.0.wav,-1.0,2.0
177,5,video5_sec265.5-268.5.wav,-1.0,2.0
178,5,video5_sec271.5-274.5.wav,-0.6666666666666666,2.3333333333333335
179,5,video5_sec267.0-270.0.wav,-1.0,2.0
180,5,video5_sec268.5-271.5.wav,-1.0,2.0
181,5,video5_sec270.0-273.0.wav,-1.0,2.0
182,5,video5_sec274.5-277.5.wav,-2.6666666666666665,0.3333333333333333
183,5,video5_sec273.0-276.0.wav,-3.0,0.0
184,5,video5_sec276.0-279.0.wav,-2.6666666666666665,0.6666666666666666
185,5,video5_sec277.5-280.5.wav,-2.3333333333333335,1.0
186,5,video5_sec279.0-282.0.wav,-1.0,2.0
187,5,video5_sec280.5-283.5.wav,-0.6666666666666666,2.3333333333333335
188,5,video5_sec282.0-285.0.wav,-0.8333333333333334,1.8333333333333333
189,5,video5_sec285.0-288.0.wav,-0.5,1.5
190,5,video5_sec283.5-286.5.wav,-1.1666666666666667,1.1666666666666667
191,5,video5_sec286.5-289.5.wav,-2.5,0.5
192,5,video5_sec288.0-291.0.wav,-2.3333333333333335,0.3333333333333333
193,5,video5_sec289.5-292.5.wav,-2.0,0.0
194,5,video5_sec291.0-294.0.wav,-2.0,0.0
195,5,video5_sec294.0-297.0.wav,-2.0,0.0
196,5,video5_sec292.5-295.5.wav,-2.1666666666666665,0.16666666666666666
197,5,video5_sec295.5-298.5.wav,-2.1666666666666665,0.16666666666666666
198,5,video5_sec297.0-300.0.wav,-2.0,0.0
199,5,video5_sec298.5-301.5.wav,-2.3333333333333335,0.3333333333333333
200,5,video5_sec300.0-303.0.wav,-2.0,0.0
201,5,video5_sec301.5-304.5.wav,-1.6666666666666667,0.3333333333333333
202,5,video5_sec303.0-306.0.wav,-2.0,0.0
203,5,video5_sec304.5-307.5.wav,-1.6666666666666667,0.3333333333333333
204,5,video5_sec307.5-310.5.wav,-1.5,1.5
205,5,video5_sec306.0-309.0.wav,-1.8333333333333333,1.8333333333333333
206,5,video5_sec309.0-312.0.wav,-1.8333333333333333,1.8333333333333333
207,5,video5_sec312.0-315.0.wav,-1.1666666666666667,1.1666666666666667
208,5,video5_sec310.5-313.5.wav,0.5,0.5
209,5,video5_sec313.5-316.5.wav,0.5,0.5
210,5,video5_sec316.5-319.5.wav,0.5,0.5
211,5,video5_sec315.0-318.0.wav,0.5,0.5
212,5,video5_sec318.0-321.0.wav,-0.3333333333333333,0.3333333333333333
213,5,video5_sec319.5-322.5.wav,-1.3333333333333333,1.3333333333333333
214,5,video5_sec321.0-324.0.wav,-1.5,1.5
215,5,video5_sec324.0-327.0.wav,-1.5,1.5
216,5,video5_sec322.5-325.5.wav,-0.6666666666666666,0.6666666666666666
217,5,video5_sec325.5-328.5.wav,0.0,0.0
0,6,video6_sec0.0-3.0.wav,2.0,0.0
1,6,video6_sec1.5-4.5.wav,2.0,0.0
2,6,video6_sec3.0-6.0.wav,2.0,0.0
3,6,video6_sec4.5-7.5.wav,2.2222222222222228,0.31426968052735443
4,6,video6_sec6.0-9.0.wav,2.3333333333333335,0.4714045207910316
5,6,video6_sec7.5-10.5.wav,2.3333333333333335,0.4714045207910316
6,6,video6_sec9.0-12.0.wav,2.3333333333333335,0.4714045207910316
7,6,video6_sec10.5-13.5.wav,2.111111111111111,0.15713484026367722
8,6,video6_sec12.0-15.0.wav,2.0,0.0
9,6,video6_sec13.5-16.5.wav,2.0,0.0
10,6,video6_sec15.0-18.0.wav,2.0,0.0
11,6,video6_sec16.5-19.5.wav,2.444444444444444,0.6285393610547089
12,6,video6_sec18.0-21.0.wav,2.6666666666666665,0.9428090415820632
13,6,video6_sec19.5-22.5.wav,2.6666666666666665,0.9428090415820632
14,6,video6_sec21.0-24.0.wav,2.6666666666666665,0.9428090415820632
15,6,video6_sec22.5-25.5.wav,2.6666666666666665,0.9428090415820632
16,6,video6_sec24.0-27.0.wav,2.6666666666666665,0.9428090415820632
17,6,video6_sec25.5-28.5.wav,2.6666666666666665,0.9428090415820632
18,6,video6_sec27.0-30.0.wav,2.6666666666666665,0.9428090415820632
19,6,video6_sec28.5-31.5.wav,2.6666666666666665,0.9428090415820632
20,6,video6_sec30.0-33.0.wav,2.3333333333333335,0.4714045207910316
21,6,video6_sec31.5-34.5.wav,2.3333333333333335,0.4714045207910316
22,6,video6_sec33.0-36.0.wav,2.0,0.8164965809277259
23,6,video6_sec34.5-37.5.wav,2.0,0.8164965809277259
24,6,video6_sec36.0-39.0.wav,2.0,0.8164965809277259
25,6,video6_sec37.5-40.5.wav,2.0,0.8164965809277259
26,6,video6_sec39.0-42.0.wav,2.0,0.8164965809277259
27,6,video6_sec40.5-43.5.wav,2.0,0.8164965809277259
28,6,video6_sec42.0-45.0.wav,1.888888888888889,0.7014658942154947
29,6,video6_sec43.5-46.5.wav,1.888888888888889,0.7014658942154947
30,6,video6_sec45.0-48.0.wav,2.0,0.8164965809277259
31,6,video6_sec46.5-49.5.wav,2.0,0.8164965809277259
32,6,video6_sec48.0-51.0.wav,2.0,0.8164965809277259
33,6,video6_sec49.5-52.5.wav,2.2222222222222228,1.1036449462590066
34,6,video6_sec51.0-54.0.wav,2.3333333333333335,1.247219128924647
35,6,video6_sec52.5-55.5.wav,2.3333333333333335,1.247219128924647
36,6,video6_sec54.0-57.0.wav,2.3333333333333335,1.247219128924647
37,6,video6_sec55.5-58.5.wav,2.3333333333333335,1.247219128924647
38,6,video6_sec57.0-60.0.wav,2.3333333333333335,1.247219128924647
39,6,video6_sec58.5-61.5.wav,2.3333333333333335,1.247219128924647
40,6,video6_sec60.0-63.0.wav,2.3333333333333335,1.247219128924647
41,6,video6_sec61.5-64.5.wav,2.111111111111111,0.9600707635933663
42,6,video6_sec63.0-66.0.wav,2.0,0.8164965809277259
43,6,video6_sec64.5-67.5.wav,2.0,0.8164965809277259
44,6,video6_sec66.0-69.0.wav,2.0,0.8164965809277259
45,6,video6_sec67.5-70.5.wav,2.0,0.8164965809277259
46,6,video6_sec69.0-72.0.wav,2.0,0.8164965809277259
47,6,video6_sec70.5-73.5.wav,2.0,0.8164965809277259
48,6,video6_sec72.0-75.0.wav,2.0,0.8164965809277259
49,6,video6_sec73.5-76.5.wav,2.0,0.8164965809277259
50,6,video6_sec75.0-78.0.wav,2.3333333333333335,1.247219128924647
51,6,video6_sec76.5-79.5.wav,2.3333333333333335,1.247219128924647
52,6,video6_sec78.0-81.0.wav,2.111111111111111,1.5044018175451839
53,6,video6_sec79.5-82.5.wav,2.3333333333333335,1.247219128924647
54,6,video6_sec81.0-84.0.wav,2.3333333333333335,1.247219128924647
55,6,video6_sec82.5-85.5.wav,2.3333333333333335,1.247219128924647
56,6,video6_sec84.0-87.0.wav,2.3333333333333335,0.9886142595467753
57,6,video6_sec85.5-88.5.wav,2.3333333333333335,0.4714045207910316
58,6,video6_sec87.0-90.0.wav,2.3333333333333335,0.4714045207910316
59,6,video6_sec88.5-91.5.wav,2.3333333333333335,0.4714045207910316
60,6,video6_sec90.0-93.0.wav,2.4444444444444446,0.4714045207910316
61,6,video6_sec91.5-94.5.wav,2.6666666666666665,0.4714045207910316
62,6,video6_sec93.0-96.0.wav,2.6666666666666665,0.4714045207910316
63,6,video6_sec94.5-97.5.wav,2.6666666666666665,0.4714045207910316
64,6,video6_sec96.0-99.0.wav,2.4444444444444446,0.4714045207910316
65,6,video6_sec97.5-100.5.wav,2.6666666666666665,0.4714045207910316
66,6,video6_sec99.0-102.0.wav,2.6666666666666665,0.4714045207910316
67,6,video6_sec100.5-103.5.wav,2.6666666666666665,0.4714045207910316
68,6,video6_sec102.0-105.0.wav,2.6666666666666665,0.4714045207910316
69,6,video6_sec103.5-106.5.wav,2.6666666666666665,0.4714045207910316
70,6,video6_sec105.0-108.0.wav,2.6666666666666665,0.4714045207910316
71,6,video6_sec106.5-109.5.wav,2.6666666666666665,0.4714045207910316
72,6,video6_sec108.0-111.0.wav,2.6666666666666665,0.4714045207910316
73,6,video6_sec109.5-112.5.wav,2.6666666666666665,0.4714045207910316
74,6,video6_sec111.0-114.0.wav,2.6666666666666665,0.4714045207910316
75,6,video6_sec112.5-115.5.wav,2.6666666666666665,0.4714045207910316
76,6,video6_sec114.0-117.0.wav,2.6666666666666665,0.4714045207910316
77,6,video6_sec115.5-118.5.wav,2.6666666666666665,0.4714045207910316
78,6,video6_sec117.0-120.0.wav,2.5555555555555554,0.4714045207910316
79,6,video6_sec118.5-121.5.wav,2.5555555555555554,0.4714045207910316
80,6,video6_sec120.0-123.0.wav,2.6666666666666665,0.4714045207910316
81,6,video6_sec121.5-124.5.wav,2.6666666666666665,0.4714045207910316
82,6,video6_sec123.0-126.0.wav,2.6666666666666665,0.4714045207910316
83,6,video6_sec124.5-127.5.wav,2.6666666666666665,0.4714045207910316
84,6,video6_sec126.0-129.0.wav,2.6666666666666665,0.4714045207910316
85,6,video6_sec127.5-130.5.wav,2.6666666666666665,0.4714045207910316
86,6,video6_sec129.0-132.0.wav,2.6666666666666665,0.4714045207910316
87,6,video6_sec130.5-133.5.wav,2.6666666666666665,0.4714045207910316
88,6,video6_sec132.0-135.0.wav,2.6666666666666665,0.4714045207910316
89,6,video6_sec133.5-136.5.wav,2.4444444444444446,0.4714045207910316
90,6,video6_sec135.0-138.0.wav,2.3333333333333335,0.4714045207910316
91,6,video6_sec136.5-139.5.wav,2.3333333333333335,0.4714045207910316
92,6,video6_sec138.0-141.0.wav,2.3333333333333335,0.4714045207910316
93,6,video6_sec139.5-142.5.wav,2.3333333333333335,0.4714045207910316
94,6,video6_sec141.0-144.0.wav,2.3333333333333335,0.4714045207910316
95,6,video6_sec142.5-145.5.wav,2.3333333333333335,0.4714045207910316
96,6,video6_sec144.0-147.0.wav,2.3333333333333335,0.4714045207910316
97,6,video6_sec145.5-148.5.wav,2.3333333333333335,0.4714045207910316
98,6,video6_sec147.0-150.0.wav,2.6666666666666665,0.4714045207910316
99,6,video6_sec148.5-151.5.wav,2.6666666666666665,0.4714045207910316
100,6,video6_sec150.0-153.0.wav,2.6666666666666665,0.4714045207910316
101,6,video6_sec151.5-154.5.wav,2.6666666666666665,0.4714045207910316
102,6,video6_sec153.0-156.0.wav,2.6666666666666665,0.4714045207910316
103,6,video6_sec154.5-157.5.wav,2.6666666666666665,0.4714045207910316
104,6,video6_sec156.0-159.0.wav,2.7777777777777772,0.5864352075032632
105,6,video6_sec157.5-160.5.wav,3.0,0.8164965809277259
106,6,video6_sec159.0-162.0.wav,3.0,0.8164965809277259
107,6,video6_sec160.5-163.5.wav,3.0,0.8164965809277259
108,6,video6_sec162.0-165.0.wav,3.0,0.8164965809277259
109,6,video6_sec163.5-166.5.wav,3.0,0.8164965809277259
110,6,video6_sec165.0-168.0.wav,3.0,0.8164965809277259
111,6,video6_sec166.5-169.5.wav,3.0,0.8164965809277259
112,6,video6_sec168.0-171.0.wav,3.0,0.8164965809277259
113,6,video6_sec169.5-172.5.wav,3.0,0.8164965809277259
114,6,video6_sec171.0-174.0.wav,3.0,0.8164965809277259
115,6,video6_sec172.5-175.5.wav,3.0,0.8164965809277259
116,6,video6_sec174.0-177.0.wav,3.0,0.8164965809277259
117,6,video6_sec175.5-178.5.wav,3.0,0.8164965809277259
118,6,video6_sec177.0-180.0.wav,3.0,0.8164965809277259
119,6,video6_sec178.5-181.5.wav,3.0,0.8164965809277259
120,6,video6_sec180.0-183.0.wav,3.0,0.8164965809277259
121,6,video6_sec181.5-184.5.wav,3.0,0.8164965809277259
122,6,video6_sec183.0-186.0.wav,3.0,0.8164965809277259
123,6,video6_sec184.5-187.5.wav,2.555555555555556,1.4052809744409718
124,6,video6_sec186.0-189.0.wav,2.0,1.4142135623730951
125,6,video6_sec187.5-190.5.wav,1.777777777777778,1.3028839400741299
126,6,video6_sec189.0-192.0.wav,1.6666666666666667,1.247219128924647
127,6,video6_sec190.5-193.5.wav,1.6666666666666667,1.247219128924647
128,6,video6_sec192.0-195.0.wav,1.6666666666666667,1.247219128924647
129,6,video6_sec193.5-196.5.wav,1.6666666666666667,1.247219128924647
130,6,video6_sec195.0-198.0.wav,1.6666666666666667,1.247219128924647
131,6,video6_sec196.5-199.5.wav,1.6666666666666667,1.247219128924647
132,6,video6_sec198.0-201.0.wav,1.3333333333333333,0.9428090415820632
133,6,video6_sec199.5-202.5.wav,1.3333333333333333,0.9428090415820632
134,6,video6_sec201.0-204.0.wav,1.3333333333333333,0.9428090415820632
135,6,video6_sec202.5-205.5.wav,1.3333333333333333,0.9428090415820632
136,6,video6_sec204.0-207.0.wav,1.3333333333333333,0.9428090415820632
137,6,video6_sec205.5-208.5.wav,1.3333333333333333,0.9428090415820632
138,6,video6_sec207.0-210.0.wav,1.3333333333333333,0.9428090415820632
139,6,video6_sec208.5-211.5.wav,1.3333333333333333,0.9428090415820632
140,6,video6_sec210.0-213.0.wav,1.3333333333333333,0.9428090415820632
141,6,video6_sec211.5-214.5.wav,1.3333333333333333,0.9428090415820632
142,6,video6_sec213.0-216.0.wav,1.3333333333333333,0.9428090415820632
143,6,video6_sec214.5-217.5.wav,1.3333333333333333,0.9428090415820632
144,6,video6_sec216.0-219.0.wav,1.3333333333333333,0.9428090415820632
145,6,video6_sec217.5-220.5.wav,1.3333333333333333,0.9428090415820632
146,6,video6_sec219.0-222.0.wav,1.3333333333333333,0.9428090415820632
147,6,video6_sec220.5-223.5.wav,1.3333333333333333,0.9428090415820632
148,6,video6_sec222.0-225.0.wav,1.4444444444444444,1.044279070696258
149,6,video6_sec223.5-226.5.wav,1.4444444444444444,1.044279070696258
150,6,video6_sec225.0-228.0.wav,1.0,0.8164965809277259
151,6,video6_sec226.5-229.5.wav,0.5555555555555555,0.5864352075032632
152,6,video6_sec228.0-231.0.wav,0.3333333333333333,0.4714045207910316
153,6,video6_sec229.5-232.5.wav,0.3333333333333333,0.4714045207910316
154,6,video6_sec231.0-234.0.wav,0.3333333333333333,0.4714045207910316
155,6,video6_sec232.5-235.5.wav,0.3333333333333333,0.4714045207910316
156,6,video6_sec234.0-237.0.wav,0.4444444444444444,0.6285393610547089
157,6,video6_sec235.5-238.5.wav,0.6666666666666666,0.9428090415820632
158,6,video6_sec237.0-240.0.wav,0.6666666666666666,0.9428090415820632
159,6,video6_sec238.5-241.5.wav,0.6666666666666666,0.9428090415820632
